-- =================================================================
-- YoY per-channel NET SALES  (restores data lost by supabase_yoy_epos.sql)
--
-- migration 010 loaded per-channel REVENUE into click_collect / kiosk /
-- till_eat_in / till_takeaway / deliveroo / just_eat / uber_eats.
-- supabase_yoy_epos.sql then INSERT..ON CONFLICT DO UPDATE the SAME columns
-- with EPOS ORDER COUNTS, overwriting the revenue.
--
-- This script adds dedicated *_sales columns and reloads the revenue from the
-- original Excel exports, leaving the order-count columns untouched so nothing
-- that depends on them changes. own_delivery_sales already exists and was never
-- overwritten, so it is not re-seeded.
--
-- Verified before generating: for all 324 week-rows across the three files,
--   deliveroo + just_eat + uber_eats                        = aggregate_sales
--   click_collect + kiosk + till_eat_in + till_takeaway     = in_store_sales
--   own_delivery                                            = own_delivery_sales
-- to within 2p. Re-runnable (idempotent upsert).
-- =================================================================

-- vm_yoy_both_stores: add per-channel sales columns
ALTER TABLE vm_yoy_both_stores ADD COLUMN IF NOT EXISTS click_collect_sales NUMERIC;
ALTER TABLE vm_yoy_both_stores ADD COLUMN IF NOT EXISTS kiosk_sales NUMERIC;
ALTER TABLE vm_yoy_both_stores ADD COLUMN IF NOT EXISTS till_eat_in_sales NUMERIC;
ALTER TABLE vm_yoy_both_stores ADD COLUMN IF NOT EXISTS till_takeaway_sales NUMERIC;
ALTER TABLE vm_yoy_both_stores ADD COLUMN IF NOT EXISTS deliveroo_sales NUMERIC;
ALTER TABLE vm_yoy_both_stores ADD COLUMN IF NOT EXISTS just_eat_sales NUMERIC;
ALTER TABLE vm_yoy_both_stores ADD COLUMN IF NOT EXISTS uber_eats_sales NUMERIC;

-- vm_yoy_hitchin: add per-channel sales columns
ALTER TABLE vm_yoy_hitchin ADD COLUMN IF NOT EXISTS click_collect_sales NUMERIC;
ALTER TABLE vm_yoy_hitchin ADD COLUMN IF NOT EXISTS kiosk_sales NUMERIC;
ALTER TABLE vm_yoy_hitchin ADD COLUMN IF NOT EXISTS till_eat_in_sales NUMERIC;
ALTER TABLE vm_yoy_hitchin ADD COLUMN IF NOT EXISTS till_takeaway_sales NUMERIC;
ALTER TABLE vm_yoy_hitchin ADD COLUMN IF NOT EXISTS deliveroo_sales NUMERIC;
ALTER TABLE vm_yoy_hitchin ADD COLUMN IF NOT EXISTS just_eat_sales NUMERIC;
ALTER TABLE vm_yoy_hitchin ADD COLUMN IF NOT EXISTS uber_eats_sales NUMERIC;

-- vm_yoy_stevenage: add per-channel sales columns
ALTER TABLE vm_yoy_stevenage ADD COLUMN IF NOT EXISTS click_collect_sales NUMERIC;
ALTER TABLE vm_yoy_stevenage ADD COLUMN IF NOT EXISTS kiosk_sales NUMERIC;
ALTER TABLE vm_yoy_stevenage ADD COLUMN IF NOT EXISTS till_eat_in_sales NUMERIC;
ALTER TABLE vm_yoy_stevenage ADD COLUMN IF NOT EXISTS till_takeaway_sales NUMERIC;
ALTER TABLE vm_yoy_stevenage ADD COLUMN IF NOT EXISTS deliveroo_sales NUMERIC;
ALTER TABLE vm_yoy_stevenage ADD COLUMN IF NOT EXISTS just_eat_sales NUMERIC;
ALTER TABLE vm_yoy_stevenage ADD COLUMN IF NOT EXISTS uber_eats_sales NUMERIC;

-- ---------------------------------------------------------------
-- vm_yoy_both_stores: 108 weeks of per-channel net sales
-- ---------------------------------------------------------------
INSERT INTO vm_yoy_both_stores (week_commencing, click_collect_sales, kiosk_sales, till_eat_in_sales, till_takeaway_sales, deliveroo_sales, just_eat_sales, uber_eats_sales)
VALUES
  ('2024-04-29', 4716.63, 14130.27, 1456.38, 4812.06, 470.15, 4093.46, 1279.77),
  ('2024-05-06', 4248.29, 11728.17, 976.60, 4859.39, 710.00, 6990.58, 862.59),
  ('2024-05-13', 2801.86, 9909.55, 1297.70, 4463.35, 550.75, 8695.89, 1132.99),
  ('2024-05-20', 2636.59, 9174.22, 1272.36, 3759.95, 662.75, 9997.01, 971.22),
  ('2024-05-27', 2665.78, 10303.45, 1098.56, 4115.23, 1202.87, 8592.74, 1044.32),
  ('2024-06-03', 2614.54, 8981.68, 1337.81, 3570.83, 1790.92, 8648.65, 1023.24),
  ('2024-06-10', 3127.21, 7789.48, 1035.45, 3186.84, 1438.30, 8439.27, 1106.41),
  ('2024-06-17', 2986.14, 7741.66, 854.06, 4069.63, 1800.88, 8023.03, 1190.02),
  ('2024-06-24', 2631.98, 7766.01, 586.51, 3948.17, 1915.72, 8919.72, 1344.40),
  ('2024-07-01', 2057.78, 7863.45, 759.60, 3560.48, 2338.95, 9981.67, 1208.21),
  ('2024-07-08', 2278.66, 7930.11, 937.84, 3530.41, 1939.04, 7596.30, 1313.68),
  ('2024-07-15', 1782.83, 8168.55, 788.95, 3496.65, 2111.51, 8009.83, 905.87),
  ('2024-07-22', 2674.24, 7577.89, 676.98, 3469.35, 1853.68, 7742.55, 1174.78),
  ('2024-07-29', 2105.04, 7655.28, 382.42, 3752.12, 2110.64, 8388.36, 953.08),
  ('2024-08-05', 2388.83, 7230.13, 755.90, 3710.72, 1768.91, 7296.44, 1046.29),
  ('2024-08-12', 2033.75, 7412.77, 495.24, 3416.09, 1748.49, 8293.29, 1219.90),
  ('2024-08-19', 2729.52, 7691.08, 392.03, 2929.45, 2192.18, 8189.91, 1495.43),
  ('2024-08-26', 2373.41, 7606.08, 373.00, 3485.40, 2014.85, 7766.04, 1344.42),
  ('2024-09-02', 1890.38, 6991.21, 511.16, 3193.18, 1902.14, 6792.73, 1025.92),
  ('2024-09-09', 2244.46, 7097.42, 1035.71, 3823.42, 1911.35, 5837.45, 882.79),
  ('2024-09-16', 2272.62, 7452.97, 566.33, 3858.68, 1505.34, 7191.98, 1181.35),
  ('2024-09-23', 2034.07, 7362.58, 613.88, 3499.82, 1771.58, 7150.19, 1263.33),
  ('2024-09-30', 2394.21, 7398.36, 661.70, 3608.39, 1657.34, 7376.60, 883.31),
  ('2024-10-07', 2044.21, 7155.00, 904.79, 3318.58, 1579.35, 6245.79, 1707.99),
  ('2024-10-14', 2119.70, 6978.53, 528.71, 3417.98, 1779.18, 6397.20, 2217.05),
  ('2024-10-21', 2288.38, 7191.58, 930.45, 3056.62, 1849.16, 7212.17, 2447.24),
  ('2024-10-28', 1958.75, 7667.27, 661.27, 3361.61, 1649.88, 8202.24, 2306.72),
  ('2024-11-04', 2000.02, 7398.19, 446.78, 2543.51, 1943.27, 7316.82, 1791.66),
  ('2024-11-11', 1813.33, 7077.32, 595.92, 2461.67, 1492.80, 7571.99, 2418.24),
  ('2024-11-18', 1726.94, 6635.59, 395.00, 3228.31, 2032.93, 7244.48, 2631.05),
  ('2024-11-25', 1645.57, 6898.31, 400.65, 3200.40, 1747.21, 8354.05, 2636.15),
  ('2024-12-02', 1736.04, 7095.42, 452.08, 3173.19, 1664.69, 9106.61, 2687.48),
  ('2024-12-09', 1707.89, 7185.46, 602.46, 3300.33, 2221.88, 8535.21, 2164.08),
  ('2024-12-16', 1664.62, 6520.67, 682.71, 3537.84, 1976.01, 8294.47, 2391.54),
  ('2024-12-23', 2052.06, 5503.89, 518.33, 2194.90, 1350.34, 6448.88, 1934.49),
  ('2024-12-30', 2116.39, 4413.91, 590.79, 2072.38, 1148.05, 5020.85, 1825.08),
  ('2025-01-06', 1824.78, 5985.85, 748.44, 2499.73, 1843.97, 6479.34, 1617.53),
  ('2025-01-13', 2021.64, 6494.24, 733.53, 2904.55, 1733.48, 7157.34, 2145.89),
  ('2025-01-20', 2448.23, 6262.05, 749.43, 2713.39, 1781.82, 7508.92, 1996.69),
  ('2025-01-27', 2121.21, 7046.39, 624.00, 3057.36, 1706.08, 8980.45, 2255.13),
  ('2025-02-03', 2220.02, 6734.99, 758.40, 3056.15, 1740.60, 9243.83, 1802.36),
  ('2025-02-10', 2149.98, 6386.20, 751.77, 3260.06, 2143.46, 7057.49, 2363.54),
  ('2025-02-17', 2508.62, 7180.00, 760.32, 3241.78, 2166.08, 8392.13, 1911.64),
  ('2025-02-24', 2065.08, 8237.38, 843.54, 2910.48, 1676.76, 8347.48, 2128.79),
  ('2025-03-03', 2093.12, 7654.94, 745.02, 3690.41, 2146.26, 8491.55, 2409.95),
  ('2025-03-10', 2118.87, 8156.63, 665.87, 3000.49, 2171.23, 8233.09, 2277.63),
  ('2025-03-17', 1951.58, 7322.30, 754.94, 3794.94, 1664.21, 8281.42, 2555.86),
  ('2025-03-24', 2093.89, 8370.69, 779.23, 3978.69, 1948.07, 7909.25, 2273.89),
  ('2025-03-31', 1904.66, 8055.09, 1038.42, 3757.18, 1917.23, 6852.66, 2150.35),
  ('2025-04-07', 2087.02, 7502.73, 685.54, 4203.22, 1502.16, 7652.72, 2605.60),
  ('2025-04-14', 2300.23, 7514.77, 1008.40, 3322.49, 1656.41, 6649.50, 3006.38),
  ('2025-04-21', 2431.83, 7719.06, 774.83, 3863.77, 1846.41, 7607.69, 3272.10),
  ('2025-04-28', 1849.24, 8883.99, 940.58, 3561.27, 2113.00, 7624.33, 3759.14),
  ('2025-05-05', 1925.50, 8122.08, 924.65, 3559.51, 1570.07, 7201.86, 2858.97),
  ('2025-05-12', 1960.03, 7742.67, 839.63, 3467.09, 1757.82, 6614.61, 3033.69),
  ('2025-05-19', 2019.48, 8204.46, 575.39, 3280.92, 1779.38, 6638.83, 3487.13),
  ('2025-05-26', 1728.86, 9199.96, 876.19, 3914.85, 2211.65, 7101.83, 3475.31),
  ('2025-06-02', 1969.56, 8173.65, 751.63, 3654.91, 1565.92, 8631.97, 3525.36),
  ('2025-06-09', 2314.76, 8890.66, 919.03, 3268.35, 1678.63, 7313.54, 3240.65),
  ('2025-06-16', 2004.79, 8309.83, 819.27, 3407.00, 1810.36, 8178.78, 3626.83),
  ('2025-06-23', 2338.99, 7883.79, 873.04, 3477.22, 1976.91, 8395.61, 3329.79),
  ('2025-06-30', 1787.87, 8370.93, 734.40, 4042.29, 1927.88, 6656.84, 3222.32),
  ('2025-07-07', 1714.40, 7852.26, 947.74, 3765.19, 1895.83, 6727.34, 2604.38),
  ('2025-07-14', 1742.06, 7520.25, 917.06, 3458.25, 1637.82, 6419.43, 2756.58),
  ('2025-07-21', 1874.85, 7453.72, 1023.45, 3252.71, 2513.03, 5634.44, 2551.85),
  ('2025-07-28', 2400.49, 7929.67, 970.46, 3621.65, 1957.50, 7958.88, 2910.70),
  ('2025-08-04', 1614.64, 7400.83, 657.95, 3434.24, 2021.29, 6854.43, 2207.86),
  ('2025-08-11', 1856.21, 7658.38, 861.13, 4006.78, 2522.17, 7228.64, 3518.66),
  ('2025-08-18', 1439.39, 7720.98, 750.54, 3998.65, 2004.83, 6381.96, 3315.20),
  ('2025-08-25', 1513.16, 7656.66, 731.20, 3230.91, 2056.27, 8063.83, 3831.54),
  ('2025-09-01', 2197.48, 8289.61, 765.57, 3433.76, 2010.83, 5900.31, 4008.24),
  ('2025-09-08', 1987.46, 8054.30, 862.42, 3737.57, 2625.86, 4943.15, 3394.20),
  ('2025-09-15', 1986.49, 7593.35, 988.64, 3188.68, 1931.55, 5898.88, 2779.04),
  ('2025-09-22', 2426.58, 8398.38, 862.63, 3721.00, 2367.38, 5844.97, 3174.44),
  ('2025-09-29', 2234.58, 9150.22, 818.39, 3713.38, 2083.83, 7153.49, 3604.92),
  ('2025-10-06', 1977.57, 8719.47, 838.33, 3480.53, 2121.07, 6266.12, 4112.76),
  ('2025-10-13', 2360.50, 7807.24, 1091.15, 3181.18, 1792.06, 6633.71, 3725.31),
  ('2025-10-20', 1864.21, 7333.68, 930.78, 3762.72, 1970.89, 6438.02, 3462.41),
  ('2025-10-27', 2211.99, 7831.18, 1035.85, 3042.78, 2544.77, 7601.16, 4210.65),
  ('2025-11-03', 2051.49, 7531.89, 563.70, 3374.73, 1944.29, 5758.76, 4051.19),
  ('2025-11-10', 2131.36, 7248.74, 893.42, 3597.96, 2197.41, 6912.89, 3619.55),
  ('2025-11-17', 1959.80, 7023.30, 717.11, 3473.73, 2066.00, 6795.43, 3573.38),
  ('2025-11-24', 2228.04, 7865.98, 852.83, 3449.08, 1997.34, 6986.04, 4123.00),
  ('2025-12-01', 2263.96, 7227.84, 624.17, 3199.88, 2564.13, 6652.34, 3673.49),
  ('2025-12-08', 1605.30, 6568.47, 534.21, 4098.10, 2030.92, 6041.59, 3524.48),
  ('2025-12-15', 2233.00, 8191.29, 896.33, 3591.00, 2575.35, 6405.56, 3759.88),
  ('2025-12-22', 1415.70, 5040.82, 531.73, 3489.02, 1996.63, 5944.86, 3093.55),
  ('2025-12-29', 1687.52, 6385.30, 584.71, 3143.71, 2090.93, 5072.71, 3626.62),
  ('2026-01-05', 2182.69, 5522.97, 635.13, 3155.04, 1657.57, 5999.45, 3119.21),
  ('2026-01-12', 1435.74, 6619.60, 692.20, 3315.61, 1998.04, 5356.47, 2998.14),
  ('2026-01-19', 1872.53, 7375.79, 754.25, 2989.40, 1925.07, 5319.18, 2722.27),
  ('2026-01-26', 2753.64, 7920.69, 618.95, 3281.19, 2098.77, 6948.05, 4036.91),
  ('2026-02-02', 1910.99, 7331.69, 725.58, 3562.23, 2653.16, 5547.22, 3852.61),
  ('2026-02-09', 1596.00, 6872.98, 677.50, 3787.83, 2419.98, 6333.88, 3110.86),
  ('2026-02-16', 1965.46, 7646.81, 586.86, 3513.00, 1995.19, 5000.29, 3387.00),
  ('2026-02-23', 2460.12, 7525.08, 958.68, 4167.90, 2712.22, 6412.74, 4002.68),
  ('2026-03-02', 2173.12, 8136.48, 890.54, 3717.24, 2182.88, 5723.20, 4250.85),
  ('2026-03-09', 2240.74, 7975.67, 820.96, 4148.09, 2358.56, 5453.51, 3415.37),
  ('2026-03-16', 2418.35, 7819.24, 633.08, 3830.75, 2260.34, 6309.20, 3228.00),
  ('2026-03-23', 2324.03, 8985.31, 849.04, 3502.16, 3062.58, 6149.69, 4539.85),
  ('2026-03-30', 2710.53, 8610.96, 725.50, 4067.76, 2383.08, 5457.40, 3704.40),
  ('2026-04-06', 3405.90, 9383.06, 1074.36, 3810.68, 2455.12, 6271.93, 3944.28),
  ('2026-04-13', 2459.83, 9564.75, 874.21, 3779.55, 2763.77, 6263.66, 4176.82),
  ('2026-04-20', 2367.00, 9531.55, 1135.25, 4659.21, 2374.38, 5282.15, 3598.84),
  ('2026-04-27', 2821.50, 10373.72, 1280.86, 3915.54, 2213.21, 5481.12, 4141.81),
  ('2026-05-04', 2392.71, 9949.38, 624.25, 4049.90, 2776.96, 4848.49, 4042.42),
  ('2026-05-11', 2700.87, 9673.27, 1087.04, 3820.96, 2052.90, 4429.53, 3915.04),
  ('2026-05-18', 2182.53, 9091.38, 959.92, 3815.80, 2441.02, 5433.17, 4225.64)
ON CONFLICT (week_commencing) DO UPDATE SET
  click_collect_sales = EXCLUDED.click_collect_sales,
  kiosk_sales = EXCLUDED.kiosk_sales,
  till_eat_in_sales = EXCLUDED.till_eat_in_sales,
  till_takeaway_sales = EXCLUDED.till_takeaway_sales,
  deliveroo_sales = EXCLUDED.deliveroo_sales,
  just_eat_sales = EXCLUDED.just_eat_sales,
  uber_eats_sales = EXCLUDED.uber_eats_sales;

-- ---------------------------------------------------------------
-- vm_yoy_hitchin: 108 weeks of per-channel net sales
-- ---------------------------------------------------------------
INSERT INTO vm_yoy_hitchin (week_commencing, click_collect_sales, kiosk_sales, till_eat_in_sales, till_takeaway_sales, deliveroo_sales, just_eat_sales, uber_eats_sales)
VALUES
  ('2024-04-29', 1272.46, 3322.08, 490.96, 1933.61, 470.15, 4093.46, 1279.77),
  ('2024-05-06', 1386.68, 2699.38, 176.24, 1996.04, 710.00, 4547.75, 862.59),
  ('2024-05-13', 1044.53, 2657.02, 227.78, 1879.92, 550.75, 4575.67, 1132.99),
  ('2024-05-20', 933.77, 2637.29, 299.58, 1915.92, 662.75, 5544.74, 971.22),
  ('2024-05-27', 1156.58, 2846.48, 317.08, 1950.00, 681.54, 4799.33, 1044.32),
  ('2024-06-03', 902.00, 2489.84, 250.50, 1649.15, 607.21, 4473.42, 1023.24),
  ('2024-06-10', 1411.33, 2457.23, 244.88, 1560.75, 478.04, 4925.50, 1106.41),
  ('2024-06-17', 1716.89, 2147.60, 158.53, 1810.43, 777.21, 4073.33, 1190.02),
  ('2024-06-24', 1285.98, 2482.80, 142.87, 1868.69, 668.88, 4658.67, 1344.40),
  ('2024-07-01', 853.99, 2805.70, 296.74, 1810.60, 729.04, 4542.43, 1208.21),
  ('2024-07-08', 1259.88, 2601.60, 246.62, 1839.44, 721.83, 3414.83, 1313.68),
  ('2024-07-15', 908.96, 2675.50, 224.82, 1708.69, 657.33, 4481.46, 905.87),
  ('2024-07-22', 1159.00, 3033.57, 212.25, 1788.39, 776.25, 3961.62, 1174.78),
  ('2024-07-29', 1100.62, 2823.30, 108.54, 1836.08, 830.33, 4734.04, 953.08),
  ('2024-08-05', 1196.50, 2399.63, 164.78, 1568.75, 458.79, 3354.46, 1046.29),
  ('2024-08-12', 1149.92, 2670.30, 62.16, 1515.89, 680.79, 4090.54, 1219.89),
  ('2024-08-19', 958.40, 2203.04, 78.53, 1480.43, 611.37, 3910.46, 1495.43),
  ('2024-08-26', 1279.28, 2512.28, 75.00, 1496.93, 671.75, 4002.58, 1344.42),
  ('2024-09-02', 915.83, 2292.10, 186.03, 1476.07, 637.96, 3320.29, 1025.92),
  ('2024-09-09', 1031.54, 2268.81, 323.12, 1897.02, 458.75, 3377.71, 882.78),
  ('2024-09-16', 1172.78, 3153.54, 279.88, 2006.50, 418.25, 3804.00, 1181.35),
  ('2024-09-23', 1221.58, 2353.84, 152.91, 1999.67, 413.58, 3631.64, 1263.33),
  ('2024-09-30', 1317.25, 2384.71, 182.50, 1927.18, 425.00, 3948.50, 883.31),
  ('2024-10-07', 935.42, 2590.02, 357.29, 1613.16, 435.71, 3305.92, 1347.95),
  ('2024-10-14', 965.49, 2424.37, 119.17, 1642.32, 549.00, 3787.87, 1224.50),
  ('2024-10-21', 1456.37, 2704.11, 183.96, 1394.83, 581.75, 3839.33, 1382.84),
  ('2024-10-28', 1058.33, 2776.18, 161.43, 1784.64, 680.21, 3918.79, 1104.99),
  ('2024-11-04', 1074.02, 2580.50, 101.32, 1146.71, 549.29, 3547.42, 913.46),
  ('2024-11-11', 977.16, 2374.59, 74.33, 1153.83, 543.42, 3858.75, 1508.48),
  ('2024-11-18', 986.98, 2119.85, 141.83, 1423.70, 695.21, 3387.46, 1768.07),
  ('2024-11-25', 881.82, 2885.91, 108.32, 1553.97, 555.83, 4258.04, 1338.40),
  ('2024-12-02', 962.08, 2373.30, 79.12, 1223.59, 694.04, 4541.05, 1596.28),
  ('2024-12-09', 837.93, 2198.64, 78.12, 1308.73, 815.25, 4234.52, 1096.48),
  ('2024-12-16', 843.33, 2375.57, 182.50, 1610.51, 753.96, 3898.95, 1250.47),
  ('2024-12-23', 1075.93, 1899.68, 122.12, 1032.01, 437.21, 2960.76, 808.17),
  ('2024-12-30', 844.22, 1427.38, 80.62, 1014.24, 446.92, 2291.99, 974.09),
  ('2025-01-06', 970.96, 1932.78, 206.78, 1362.82, 779.83, 3086.44, 980.16),
  ('2025-01-13', 1174.30, 2220.12, 133.75, 1315.04, 701.12, 3740.32, 1284.58),
  ('2025-01-20', 1199.22, 2117.86, 240.75, 1338.53, 776.54, 3523.74, 1230.46),
  ('2025-01-27', 1162.88, 2302.91, 100.75, 1603.26, 706.54, 4390.86, 1103.60),
  ('2025-02-03', 1283.65, 2249.71, 129.67, 1385.57, 696.50, 4637.63, 907.21),
  ('2025-02-10', 1237.77, 1640.69, 150.62, 1510.68, 1067.08, 3606.57, 1390.62),
  ('2025-02-17', 1572.04, 2728.96, 170.96, 1503.40, 735.04, 3445.82, 968.54),
  ('2025-02-24', 1512.67, 2725.48, 68.38, 1414.42, 485.59, 3948.34, 1176.79),
  ('2025-03-03', 1208.13, 2240.77, 26.25, 1709.63, 730.34, 4244.54, 1641.70),
  ('2025-03-10', 1055.62, 2554.21, 63.91, 1142.46, 862.96, 3855.68, 1062.67),
  ('2025-03-17', 1111.50, 2204.98, 150.08, 1902.43, 626.33, 4346.24, 1096.78),
  ('2025-03-24', 1186.20, 2493.50, 102.08, 1659.78, 750.49, 3523.15, 1246.60),
  ('2025-03-31', 1112.78, 2782.55, 150.54, 1948.08, 682.08, 3188.70, 1247.36),
  ('2025-04-07', 1194.36, 2462.91, 194.71, 1939.75, 479.14, 3821.77, 1349.54),
  ('2025-04-14', 1156.91, 2696.71, 157.21, 1625.01, 787.75, 3538.68, 1586.90),
  ('2025-04-21', 1335.75, 2495.00, 90.79, 1874.17, 678.46, 3774.95, 1732.30),
  ('2025-04-28', 926.24, 3182.51, 164.67, 1861.63, 1031.59, 4141.07, 1764.14),
  ('2025-05-05', 1084.71, 3012.77, 87.71, 1811.14, 774.79, 3755.30, 1128.97),
  ('2025-05-12', 1096.91, 2231.68, 70.42, 1661.13, 756.33, 3236.96, 1486.63),
  ('2025-05-19', 1109.86, 2605.35, 43.00, 1476.17, 630.12, 3323.83, 1670.19),
  ('2025-05-26', 1056.24, 3018.57, 86.01, 1596.83, 1031.62, 3571.92, 1644.79),
  ('2025-06-02', 969.71, 2786.04, 86.25, 1396.08, 640.00, 4361.78, 1564.06),
  ('2025-06-09', 1193.73, 2796.69, 104.38, 1594.37, 853.04, 3465.36, 1677.80),
  ('2025-06-16', 1243.04, 3089.42, 111.67, 1485.23, 1088.29, 4004.69, 2091.92),
  ('2025-06-23', 1482.25, 2999.87, 178.00, 1886.84, 986.08, 4326.61, 1776.90),
  ('2025-06-30', 1027.62, 2736.18, 163.42, 2003.17, 801.42, 2835.05, 1598.32),
  ('2025-07-07', 985.20, 2517.08, 246.17, 1703.40, 624.92, 3414.19, 1306.68),
  ('2025-07-14', 1143.23, 2389.27, 209.24, 1669.01, 690.62, 3030.76, 1250.02),
  ('2025-07-21', 912.72, 2460.66, 110.58, 1527.37, 1301.63, 2773.04, 1185.14),
  ('2025-07-28', 1126.70, 2744.75, 132.71, 1704.58, 957.00, 3659.61, 1594.69),
  ('2025-08-04', 877.48, 2371.87, 66.21, 1607.13, 891.04, 3512.38, 1258.05),
  ('2025-08-11', 1075.71, 2327.90, 117.08, 2056.65, 1133.63, 3291.99, 1981.29),
  ('2025-08-18', 775.32, 2529.78, 140.75, 1710.76, 1025.29, 2897.68, 1797.43),
  ('2025-08-25', 873.49, 2429.21, 119.79, 1575.23, 904.79, 3553.21, 2091.00),
  ('2025-09-01', 956.98, 2809.90, 126.25, 1669.35, 765.00, 2592.55, 1586.38),
  ('2025-09-08', 1083.42, 2415.30, 89.17, 1621.99, 1102.39, 2212.45, 1668.89),
  ('2025-09-15', 1155.82, 2592.62, 218.96, 1529.13, 570.71, 2740.06, 1275.94),
  ('2025-09-22', 1368.50, 2780.68, 55.08, 1562.62, 1280.00, 2432.84, 1371.04),
  ('2025-09-29', 1197.50, 2441.52, 115.79, 1603.80, 871.04, 3064.90, 1873.69),
  ('2025-10-06', 928.44, 2329.79, 102.92, 1555.65, 872.71, 3131.28, 1691.49),
  ('2025-10-13', 1178.42, 2315.42, 184.75, 1316.77, 508.58, 2936.82, 1677.84),
  ('2025-10-20', 942.08, 2434.81, 92.50, 1517.43, 723.79, 2936.02, 1356.59),
  ('2025-10-27', 1139.53, 2714.03, 121.17, 1071.20, 916.92, 3382.16, 1723.28),
  ('2025-11-03', 1274.08, 2399.04, 77.28, 1368.92, 812.33, 2616.69, 1915.23),
  ('2025-11-10', 1183.84, 1966.62, 62.50, 1491.01, 833.42, 2912.63, 1403.94),
  ('2025-11-17', 973.08, 2286.90, 61.00, 1324.95, 724.25, 3362.16, 1768.90),
  ('2025-11-24', 1157.38, 2371.41, 96.38, 1451.33, 837.08, 3423.12, 2170.87),
  ('2025-12-01', 1165.17, 2428.82, 108.25, 1230.10, 799.67, 2731.95, 1867.75),
  ('2025-12-08', 802.41, 2455.48, 83.67, 1468.89, 731.29, 2769.32, 1911.98),
  ('2025-12-15', 984.92, 2792.58, 189.17, 1576.75, 934.71, 2881.11, 1644.67),
  ('2025-12-22', 722.67, 1326.50, 11.25, 1381.04, 367.42, 2468.08, 1403.33),
  ('2025-12-29', 855.35, 1986.47, 58.17, 1562.82, 806.83, 2496.67, 1796.42),
  ('2026-01-05', 1001.69, 1799.60, 117.71, 1321.00, 591.92, 2750.49, 1951.13),
  ('2026-01-12', 743.88, 2216.57, 113.29, 1335.06, 853.42, 2317.63, 1651.70),
  ('2026-01-19', 904.05, 2355.79, 127.29, 1313.12, 727.83, 2122.24, 1524.11),
  ('2026-01-26', 1265.62, 2449.61, 22.92, 1230.78, 704.60, 2776.72, 2131.21),
  ('2026-02-02', 1176.88, 2210.02, 84.00, 1491.62, 1127.71, 2610.88, 2035.93),
  ('2026-02-09', 816.92, 2390.72, 100.08, 1651.26, 1039.83, 2441.00, 1555.43),
  ('2026-02-16', 858.08, 2156.56, 12.50, 1563.97, 782.71, 2411.29, 1643.02),
  ('2026-02-23', 1081.79, 2301.67, 80.83, 1503.99, 1008.06, 2721.90, 1733.11),
  ('2026-03-02', 1244.79, 2554.21, 179.08, 1268.54, 1104.88, 2217.66, 2176.43),
  ('2026-03-09', 903.41, 1877.46, 103.54, 1458.96, 777.93, 1758.81, 1529.87),
  ('2026-03-16', 1397.81, 2269.15, 30.42, 1533.08, 709.58, 2274.80, 1809.96),
  ('2026-03-23', 1255.56, 2544.78, 134.17, 1166.88, 1279.92, 2460.73, 2233.11),
  ('2026-03-30', 927.36, 3228.89, 115.71, 1655.35, 723.71, 2384.78, 1625.59),
  ('2026-04-06', 1530.98, 3054.09, 273.62, 1497.49, 1033.52, 2726.22, 2166.23),
  ('2026-04-13', 1266.04, 3071.54, 103.54, 1608.79, 1163.25, 2796.88, 2128.01),
  ('2026-04-20', 1161.98, 3219.74, 236.67, 1760.54, 951.56, 2230.86, 1815.44),
  ('2026-04-27', 1486.96, 3452.02, 194.25, 1597.25, 837.14, 2386.42, 1972.14),
  ('2026-05-04', 1126.12, 3337.99, 136.04, 1566.90, 1323.18, 2141.07, 2333.84),
  ('2026-05-11', 1156.42, 3568.83, 128.12, 1335.71, 738.83, 1848.92, 1736.75),
  ('2026-05-18', 1068.40, 3161.25, 131.75, 1675.38, 1037.38, 2011.14, 1998.33)
ON CONFLICT (week_commencing) DO UPDATE SET
  click_collect_sales = EXCLUDED.click_collect_sales,
  kiosk_sales = EXCLUDED.kiosk_sales,
  till_eat_in_sales = EXCLUDED.till_eat_in_sales,
  till_takeaway_sales = EXCLUDED.till_takeaway_sales,
  deliveroo_sales = EXCLUDED.deliveroo_sales,
  just_eat_sales = EXCLUDED.just_eat_sales,
  uber_eats_sales = EXCLUDED.uber_eats_sales;

-- ---------------------------------------------------------------
-- vm_yoy_stevenage: 108 weeks of per-channel net sales
-- ---------------------------------------------------------------
INSERT INTO vm_yoy_stevenage (week_commencing, click_collect_sales, kiosk_sales, till_eat_in_sales, till_takeaway_sales, deliveroo_sales, just_eat_sales, uber_eats_sales)
VALUES
  ('2024-04-29', 3444.17, 10808.19, 965.42, 2878.46, 0.00, 0.00, 0.00),
  ('2024-05-06', 2861.62, 9028.79, 800.36, 2863.35, 0.00, 2442.83, 0.00),
  ('2024-05-13', 1757.32, 7252.53, 1069.92, 2583.43, 0.00, 4120.22, 0.00),
  ('2024-05-20', 1702.83, 6536.92, 972.78, 1844.03, 0.00, 4452.28, 0.00),
  ('2024-05-27', 1509.20, 7456.97, 781.48, 2165.23, 521.32, 3793.41, 0.00),
  ('2024-06-03', 1712.54, 6491.83, 1087.31, 1921.68, 1183.72, 4175.23, 0.00),
  ('2024-06-10', 1715.88, 5332.25, 790.57, 1626.09, 960.26, 3513.77, 0.00),
  ('2024-06-17', 1269.25, 5594.06, 695.53, 2259.20, 1023.68, 3949.70, 0.00),
  ('2024-06-24', 1346.00, 5283.21, 443.64, 2079.48, 1246.84, 4261.05, 0.00),
  ('2024-07-01', 1203.79, 5057.75, 462.86, 1749.88, 1609.91, 5439.24, 0.00),
  ('2024-07-08', 1018.78, 5328.51, 691.22, 1690.97, 1217.21, 4181.47, 0.00),
  ('2024-07-15', 873.88, 5493.05, 564.12, 1787.96, 1454.18, 3528.37, 0.00),
  ('2024-07-22', 1515.24, 4544.33, 464.73, 1680.96, 1077.43, 3780.93, 0.00),
  ('2024-07-29', 1004.42, 4831.98, 273.88, 1916.04, 1280.31, 3654.32, 0.00),
  ('2024-08-05', 1192.33, 4830.50, 591.12, 2141.97, 1310.12, 3941.98, 0.00),
  ('2024-08-12', 883.83, 4742.47, 433.08, 1900.20, 1067.70, 4202.75, 0.00),
  ('2024-08-19', 1771.12, 5488.04, 313.50, 1449.02, 1580.80, 4279.45, 0.00),
  ('2024-08-26', 1094.12, 5093.80, 298.00, 1988.47, 1343.10, 3763.46, 0.00),
  ('2024-09-02', 974.54, 4699.11, 325.13, 1717.11, 1264.18, 3472.44, 0.00),
  ('2024-09-09', 1212.92, 4828.61, 712.58, 1926.39, 1452.60, 2459.74, 0.00),
  ('2024-09-16', 1099.83, 4299.42, 286.46, 1852.18, 1087.09, 3387.98, 0.00),
  ('2024-09-23', 812.50, 5008.73, 460.98, 1500.14, 1358.00, 3518.55, 0.00),
  ('2024-09-30', 1076.96, 5013.65, 479.20, 1681.21, 1232.34, 3428.10, 0.00),
  ('2024-10-07', 1108.79, 4564.98, 547.50, 1705.42, 1143.64, 2939.88, 360.03),
  ('2024-10-14', 1154.21, 4554.17, 409.54, 1775.66, 1230.18, 2609.33, 992.55),
  ('2024-10-21', 832.00, 4487.48, 746.49, 1661.78, 1267.41, 3372.84, 1064.41),
  ('2024-10-28', 900.42, 4891.09, 499.83, 1576.97, 969.68, 4283.45, 1201.72),
  ('2024-11-04', 926.00, 4817.69, 345.46, 1396.80, 1393.98, 3769.40, 878.21),
  ('2024-11-11', 836.17, 4702.73, 521.58, 1307.83, 949.38, 3713.24, 909.76),
  ('2024-11-18', 739.96, 4515.74, 253.17, 1804.61, 1337.72, 3857.02, 862.98),
  ('2024-11-25', 763.74, 4012.40, 292.33, 1646.43, 1191.38, 4096.01, 1297.75),
  ('2024-12-02', 773.96, 4722.12, 372.96, 1949.60, 970.65, 4565.56, 1091.20),
  ('2024-12-09', 869.96, 4986.82, 524.33, 1991.60, 1406.63, 4300.69, 1067.61),
  ('2024-12-16', 821.29, 4145.09, 500.21, 1927.33, 1222.05, 4395.51, 1141.08),
  ('2024-12-23', 976.12, 3604.21, 396.21, 1162.89, 913.13, 3488.12, 1126.32),
  ('2024-12-30', 1272.17, 2986.53, 510.17, 1058.13, 701.13, 2728.86, 850.99),
  ('2025-01-06', 853.82, 4053.07, 541.66, 1136.92, 1064.13, 3392.90, 637.37),
  ('2025-01-13', 847.33, 4274.13, 599.78, 1589.51, 1032.36, 3417.02, 861.32),
  ('2025-01-20', 1249.00, 4144.19, 508.68, 1374.86, 1005.28, 3985.18, 766.23),
  ('2025-01-27', 958.33, 4743.48, 523.25, 1454.10, 999.54, 4589.60, 1151.53),
  ('2025-02-03', 936.37, 4485.28, 628.73, 1670.58, 1044.10, 4606.20, 895.14),
  ('2025-02-10', 912.21, 4745.51, 601.15, 1749.37, 1076.38, 3450.91, 972.92),
  ('2025-02-17', 936.58, 4451.04, 589.37, 1738.38, 1431.03, 4946.31, 943.10),
  ('2025-02-24', 552.42, 5511.90, 775.17, 1496.06, 1191.17, 4399.14, 952.00),
  ('2025-03-03', 885.00, 5414.17, 718.77, 1980.78, 1415.92, 4247.01, 768.25),
  ('2025-03-10', 1063.25, 5602.42, 601.96, 1858.03, 1308.27, 4377.41, 1214.96),
  ('2025-03-17', 840.08, 5117.32, 604.86, 1892.51, 1037.88, 3935.18, 1459.08),
  ('2025-03-24', 907.69, 5877.19, 677.15, 2318.92, 1197.58, 4386.10, 1027.29),
  ('2025-03-31', 791.88, 5272.54, 887.88, 1809.10, 1235.14, 3663.95, 902.99),
  ('2025-04-07', 892.67, 5039.82, 490.83, 2263.48, 1023.02, 3830.95, 1256.06),
  ('2025-04-14', 1143.32, 4818.07, 851.19, 1697.48, 868.66, 3110.82, 1419.48),
  ('2025-04-21', 1096.08, 5224.06, 684.04, 1989.60, 1167.95, 3832.74, 1539.80),
  ('2025-04-28', 923.00, 5701.48, 775.92, 1699.63, 1081.40, 3483.25, 1995.00),
  ('2025-05-05', 840.79, 5109.32, 836.94, 1748.37, 795.28, 3446.55, 1730.00),
  ('2025-05-12', 863.12, 5510.99, 769.21, 1805.96, 1001.49, 3377.65, 1547.06),
  ('2025-05-19', 909.62, 5599.11, 532.39, 1804.76, 1149.26, 3314.99, 1816.95),
  ('2025-05-26', 672.63, 6181.39, 790.18, 2318.02, 1180.02, 3529.92, 1830.52),
  ('2025-06-02', 999.85, 5387.62, 665.38, 2258.83, 925.92, 4270.19, 1961.29),
  ('2025-06-09', 1121.03, 6093.97, 814.66, 1673.98, 825.59, 3848.18, 1562.85),
  ('2025-06-16', 761.74, 5220.40, 707.61, 1921.77, 722.07, 4174.08, 1534.92),
  ('2025-06-23', 856.74, 4883.92, 695.04, 1590.38, 990.82, 4069.00, 1552.89),
  ('2025-06-30', 760.25, 5634.75, 570.98, 2039.12, 1126.47, 3821.79, 1623.99),
  ('2025-07-07', 729.20, 5335.18, 701.58, 2061.79, 1270.92, 3313.15, 1297.71),
  ('2025-07-14', 598.83, 5130.98, 707.82, 1789.24, 947.19, 3388.67, 1506.56),
  ('2025-07-21', 962.12, 4993.06, 912.87, 1725.34, 1211.41, 2861.40, 1366.71),
  ('2025-07-28', 1273.79, 5184.92, 837.75, 1917.07, 1000.50, 4299.27, 1316.01),
  ('2025-08-04', 737.17, 5028.97, 591.74, 1827.11, 1130.25, 3342.05, 949.81),
  ('2025-08-11', 780.50, 5330.48, 744.04, 1950.12, 1388.54, 3936.66, 1537.38),
  ('2025-08-18', 664.08, 5191.20, 609.79, 2287.89, 979.54, 3484.28, 1517.76),
  ('2025-08-25', 639.67, 5227.45, 611.41, 1655.67, 1151.48, 4510.61, 1740.54),
  ('2025-09-01', 1240.49, 5479.71, 639.32, 1764.41, 1245.83, 3307.75, 2421.85),
  ('2025-09-08', 904.04, 5639.00, 773.26, 2115.58, 1523.47, 2730.70, 1725.31),
  ('2025-09-15', 830.67, 5000.73, 769.68, 1659.56, 1360.84, 3158.82, 1503.10),
  ('2025-09-22', 1058.08, 5617.71, 807.54, 2158.38, 1087.38, 3412.13, 1803.40),
  ('2025-09-29', 1037.08, 6708.70, 702.60, 2109.58, 1212.78, 4088.59, 1731.23),
  ('2025-10-06', 1049.12, 6389.67, 735.42, 1924.88, 1248.36, 3134.84, 2421.27),
  ('2025-10-13', 1182.08, 5491.83, 906.40, 1864.41, 1283.48, 3696.88, 2047.48),
  ('2025-10-20', 922.13, 4898.88, 838.28, 2245.28, 1247.10, 3502.00, 2105.82),
  ('2025-10-27', 1072.46, 5117.14, 914.68, 1971.58, 1627.85, 4219.00, 2487.37),
  ('2025-11-03', 777.42, 5132.85, 486.42, 2005.82, 1131.96, 3142.07, 2135.96),
  ('2025-11-10', 947.52, 5282.12, 830.92, 2106.95, 1363.99, 4000.27, 2215.62),
  ('2025-11-17', 986.72, 4736.40, 656.11, 2148.78, 1341.75, 3433.27, 1804.49),
  ('2025-11-24', 1070.67, 5494.58, 756.46, 1997.75, 1160.26, 3562.92, 1952.13),
  ('2025-12-01', 1098.79, 4799.02, 515.92, 1969.78, 1764.47, 3920.39, 1805.73),
  ('2025-12-08', 802.89, 4113.00, 450.54, 2629.21, 1299.62, 3272.26, 1612.51),
  ('2025-12-15', 1248.07, 5398.72, 707.17, 2014.25, 1640.64, 3524.45, 2115.21),
  ('2025-12-22', 693.03, 3714.32, 520.48, 2107.98, 1629.22, 3476.78, 1690.21),
  ('2025-12-29', 832.17, 4398.83, 526.54, 1580.89, 1284.09, 2576.04, 1830.20),
  ('2026-01-05', 1181.00, 3723.37, 517.42, 1834.03, 1065.65, 3248.96, 1168.09),
  ('2026-01-12', 691.87, 4403.03, 578.91, 1980.55, 1144.62, 3038.84, 1346.44),
  ('2026-01-19', 968.48, 5020.00, 626.96, 1676.28, 1197.23, 3196.94, 1198.16),
  ('2026-01-26', 1488.01, 5471.08, 596.03, 2050.41, 1394.17, 4171.33, 1905.70),
  ('2026-02-02', 734.12, 5121.68, 641.58, 2070.61, 1525.45, 2936.34, 1816.68),
  ('2026-02-09', 779.08, 4482.27, 577.42, 2136.57, 1380.15, 3892.88, 1555.43),
  ('2026-02-16', 1107.38, 5490.25, 574.36, 1949.03, 1212.48, 2589.00, 1743.98),
  ('2026-02-23', 1378.33, 5223.40, 877.84, 2663.91, 1704.16, 3690.84, 2269.57),
  ('2026-03-02', 928.33, 5582.27, 711.46, 2448.70, 1078.01, 3505.54, 2074.42),
  ('2026-03-09', 1337.33, 6098.21, 717.42, 2689.13, 1580.62, 3694.70, 1885.50),
  ('2026-03-16', 1020.54, 5550.08, 602.67, 2297.67, 1550.76, 4034.40, 1418.04),
  ('2026-03-23', 1068.48, 6440.53, 714.88, 2335.28, 1782.67, 3688.96, 2306.74),
  ('2026-03-30', 1783.17, 5382.07, 609.79, 2412.41, 1659.37, 3072.61, 2078.81),
  ('2026-04-06', 1874.92, 6328.97, 800.73, 2313.19, 1421.60, 3545.71, 1778.05),
  ('2026-04-13', 1193.79, 6493.21, 770.67, 2170.76, 1600.52, 3466.78, 2048.81),
  ('2026-04-20', 1205.02, 6311.81, 898.58, 2898.67, 1422.83, 3051.29, 1783.40),
  ('2026-04-27', 1334.54, 6921.69, 1086.61, 2318.29, 1376.07, 3094.69, 2169.67),
  ('2026-05-04', 1266.58, 6611.39, 488.21, 2483.00, 1453.77, 2707.41, 1708.58),
  ('2026-05-11', 1544.46, 6104.43, 958.92, 2485.25, 1314.07, 2580.61, 2178.29),
  ('2026-05-18', 1114.13, 5930.13, 828.17, 2140.42, 1403.65, 3422.04, 2227.31)
ON CONFLICT (week_commencing) DO UPDATE SET
  click_collect_sales = EXCLUDED.click_collect_sales,
  kiosk_sales = EXCLUDED.kiosk_sales,
  till_eat_in_sales = EXCLUDED.till_eat_in_sales,
  till_takeaway_sales = EXCLUDED.till_takeaway_sales,
  deliveroo_sales = EXCLUDED.deliveroo_sales,
  just_eat_sales = EXCLUDED.just_eat_sales,
  uber_eats_sales = EXCLUDED.uber_eats_sales;
